IPO Name,Sector,Open Date,Close Date,Listing Date,Price Band Low (Rs),Price Band High (Rs),Lot Size (Shares),Lot Value (Rs),Issue Size (Rs Cr),RII Sub (x),QIB Sub (x),NII Sub (x),Overall Sub (x),GMP (Rs),Est Listing Gain (%),Debt to Equity,ROE (%),Revenue Growth (%),Listing Price (Rs),Actual Listing Gain (%),Source,Last Updated,Detail URL
Deepa Jewellers,B2B Gold Jewellery Design & Supply,,,2026-09-08 00:00:00,177,177,,,459.72,,,,43.4,,,,,,221,24.9,IPOGyani/ipostation,2026-09-17 00:00:00,2026-09-17 00:00:00
Rays of Belief,Healthcare Services (NDD Intervention),,,2026-09-08 00:00:00,239,239,,,125,,,,107.71,,,,,,239,0,IPOGyani/ipostation,2026-09-17 00:00:00,2026-09-17 00:00:00
Farm Peace,Agro - Plantation,,,2026-09-08 00:00:00,59,59,,,32,,,,1.21,,,,,,112.1,90,IPOGyani/ipostation,2026-09-17 00:00:00,2026-09-17 00:00:00
Fly-Hi Maritime Travels,Travel & Tourism - Maritime Crew Travel Services,,,2026-09-08 00:00:00,102,102,,,52.63,,,,2.18,,,,,,81.6,-20,IPOGyani/ipostation,2026-09-17 00:00:00,2026-09-17 00:00:00
Purple Style Labs,Luxury Fashion E-commerce (Multi-Brand Designer Wear),,,2026-09-07 00:00:00,575,575,,,680,,,,1.36,,,,,,539.02,-6.3,IPOGyani/ipostation,2026-09-17 00:00:00,2026-09-17 00:00:00
Phychem Technologies,Plastic & Polymer - Roto Moulding Compounds,,,2026-09-07 00:00:00,54,54,,,14.58,,,,20.87,,,,,,56,3.7,IPOGyani/ipostation,2026-09-17 00:00:00,2026-09-17 00:00:00
Ashutosh Fibre,Technical & Synthetic Yarns - Textiles,,,2026-09-07 00:00:00,92,92,,,56.35,,,,133.82,,,,,,140,52.2,IPOGyani/ipostation,2026-09-17 00:00:00,2026-09-17 00:00:00
Shanti Inorganics,Chemicals - Sulphur Based Inorganic Chemicals,,,2026-09-07 00:00:00,83,83,,,47.24,,,,142.25,,,,,,157.7,90,IPOGyani/ipostation,2026-09-17 00:00:00,2026-09-17 00:00:00
Priority Jewels,Diamond-Studded Fine Jewellery (Manufacturing),,,2026-09-04 00:00:00,200,200,,,91.5,,,,100.45,,,,,,225.2,12.6,IPOGyani/ipostation,2026-09-17 00:00:00,2026-09-17 00:00:00
ESDS Software Solution,Cloud Computing & Data Centre Infrastructure (AI/IaaS/SaaS),,,2026-09-04 00:00:00,429,429,,,720,,,,142.88,,,,,,746.3,74,IPOGyani/ipostation,2026-09-17 00:00:00,2026-09-17 00:00:00
Complete Sports And Management,Entertainment & Leisure Equipment,,,2026-09-04 00:00:00,135,135,,,74.93,,,,3.53,,,,,,139,3,IPOGyani/ipostation,2026-09-17 00:00:00,2026-09-17 00:00:00
Paluck Technologies,Engineering Services & Infrastructure Support,,,2026-09-04 00:00:00,48,48,,,33,,,,252.7,,,,,,46.8,-2.5,IPOGyani/ipostation,2026-09-17 00:00:00,2026-09-17 00:00:00
Lumino Industries,Power Transmission & Distribution (Conductors/Cables/EPC),,,2026-09-03 00:00:00,82,82,,,700,,,,52.91,,,,,,109,32.9,IPOGyani/ipostation,2026-09-17 00:00:00,2026-09-17 00:00:00
Kwick Forensic Solutions,Forensic Science & Digital Evidence Solutions,,,2026-09-03 00:00:00,90,90,,,50.77,,,,287.23,,,,,,150,66.7,IPOGyani/ipostation,2026-09-17 00:00:00,2026-09-17 00:00:00
Annu Projects,EPC Infrastructure (Telecom/Sewerage/Gas Pipeline),,,2026-09-02 00:00:00,99,99,,,175.06,,,,2.93,,,,,,75.6,-23.6,IPOGyani/ipostation,2026-09-17 00:00:00,2026-09-17 00:00:00
Sumax Engineering,Auto Components - Automotive Solutions,,,2026-09-02 00:00:00,101,101,,,53.4,,,,162.96,,,,,,111,9.9,IPOGyani/ipostation,2026-09-17 00:00:00,2026-09-17 00:00:00
Skyways Air Services,Integrated Logistics & Freight Forwarding (Air Cargo),,,2026-09-01 00:00:00,138,138,,,582.8,,,,71.25,,,,,,124,-10.1,IPOGyani/ipostation,2026-09-17 00:00:00,
Hy-Tech Engineers,Hydraulic Fittings Manufacturing (Industrial Engineering),,,2026-09-01 00:00:00,53,53,,,135.73,,,,247.39,,,,,,72,35.9,IPOGyani/ipostation,2026-09-17 00:00:00,
Symbiotec Pharmalab,Pharmaceutical APIs & Complex Injectables (Specialty Pharma),,,2026-09-01 00:00:00,988,988,,,1757,,,,75.06,,,,,,988,0,IPOGyani/ipostation,2026-09-17 00:00:00,
ABH Healthcare,Healthcare - Hospitals,,,2026-09-01 00:00:00,102,102,,,34.98,,,,1.49,,,,,,99,-2.9,IPOGyani/ipostation,2026-09-17 00:00:00,
Madhur Knit Crafts,Textile - Blankets & Knitted Fabrics,,,2026-09-01 00:00:00,100,100,,,53.28,,,,0.71,,,,,,100,0,IPOGyani/ipostation,2026-09-17 00:00:00,
Augmont Enterprises,Integrated Gold & Silver Platform (Bullion/Digital Gold),,,2026-08-31 00:00:00,788,788,,,825,,,,111.14,,,,,,956,21.3,IPOGyani/ipostation,2026-09-17 00:00:00,
Tempsens Instruments (India),Industrial Temperature Sensing & Electrical Heating Solutions,,,2026-08-28 00:00:00,300,300,,,650,,,,184.07,,,,,,631.2,110.4,IPOGyani/ipostation,2026-09-17 00:00:00,
Gaja Alternative Asset Management,Alternative Asset Management (AIF/PE Fund Manager),,,2026-08-26 00:00:00,160,160,,,550,,,,32.98,,,,,,185.2,15.8,IPOGyani/ipostation,2026-09-17 00:00:00,
Dhanwel Hybrid Seeds,Agriculture - Seeds,,,2026-08-26 00:00:00,99,99,,,26.73,,,,1.71,,,,,,99,0,IPOGyani/ipostation,2026-09-17 00:00:00,
Pranav Constructions,EPC Construction & Infrastructure,,,2026-09-15 00:00:00,121,121,,,,,,,,,,,,,162,40.3,IPOGyani/ipostation,2026-09-17 00:00:00,
Kanohar Electricals,Electrical Equipment,,,2026-09-17 00:00:00,,,,,,,,,,,,,,,,,Chittorgarh (listed 17/09),2026-09-17 00:00:00,
Prasol Chemicals,Specialty Chemicals,,,2026-09-17 00:00:00,,,,,,,,,,,,,,,,,Chittorgarh (listed 17/09),2026-09-17 00:00:00,
Glass Wall Systems (India),Aluminium Facade Systems,,,2026-09-17 00:00:00,,,,,,,,,,,,,,,,,Chittorgarh (listed 17/09),2026-09-17 00:00:00,
Credent Connect,,,,2026-08-20 00:00:00,189,189,,,,,,,,,,,,,359.1,90,IPOGyani/ipostation,2026-09-17 00:00:00,
Technocrats Plasma Systems,,,,2026-08-21 00:00:00,132,132,,,,,,,,,,,,,230,74.2,IPOGyani/ipostation,2026-09-17 00:00:00,
ENS Enterprises,,,,2026-08-21 00:00:00,92,92,,,,,,,,,,,,,96,4.3,IPOGyani/ipostation,2026-09-17 00:00:00,
Behari Lal Engineering,,,,2026-08-19 00:00:00,285,285,,,,,,,,,,,,,458,60.7,IPOGyani/ipostation,2026-09-17 00:00:00,
Dhoot Transmission,,,,2026-08-17 00:00:00,871,871,,,,,,,,,,,,,1193.8,37.1,IPOGyani/ipostation,2026-09-17 00:00:00,
Molbio Diagnostics,,,,2026-08-17 00:00:00,807,807,,,,,,,,,,,,,980,21.4,IPOGyani/ipostation,2026-09-17 00:00:00,
Milky Mist Dairy Food,,,,2026-08-18 00:00:00,140,140,,,,,,,,,,,,,165,17.9,IPOGyani/ipostation,2026-09-17 00:00:00,
Shiprocket,,,,2026-08-19 00:00:00,97,97,,,,,,,,,,,,,129.5,33.5,IPOGyani/ipostation,2026-09-17 00:00:00,
Technocraft Ventures,,,,2026-08-14 00:00:00,212,212,,,,,,,,,,,,,285,34.4,IPOGyani/ipostation,2026-09-17 00:00:00,
LEAP India,,,,2026-08-14 00:00:00,159,159,,,,,,,,,,,,,166,4.4,IPOGyani/ipostation,2026-09-17 00:00:00,
Optimystix Entertainment,,,,2026-08-14 00:00:00,175,175,,,,,,,,,,,,,180,2.9,IPOGyani/ipostation,2026-09-17 00:00:00,
Ardee Industries,,,,2026-08-12 00:00:00,53,53,,,,,,,,,,,,,73.6,38.9,IPOGyani/ipostation,2026-09-17 00:00:00,
LAPL Automotive,,,,2026-08-13 00:00:00,94,94,,,,,,,,,,,,,135,43.6,IPOGyani/ipostation,2026-09-17 00:00:00,
Aegeus Technologies,,,,2026-08-11 00:00:00,105,105,,,,,,,,,,,,,124.5,18.6,IPOGyani/ipostation,2026-09-17 00:00:00,
Vahh Chemicals,,,,2026-08-11 00:00:00,60,60,,,,,,,,,,,,,70,16.7,IPOGyani/ipostation,2026-09-17 00:00:00,
Anawil Wire & Engineering,,,,2026-08-10 00:00:00,270,270,,,,,,,,,,,,,329.65,22.1,IPOGyani/ipostation,2026-09-17 00:00:00,
G.V. Electricals,,,,2026-08-12 00:00:00,130,130,,,,,,,,,,,,,158,21.5,IPOGyani/ipostation,2026-09-17 00:00:00,
Dhaval Packaging,,,,2026-08-06 00:00:00,97,97,,,,,,,,,,,,,110,13.4,IPOGyani/ipostation,2026-09-17 00:00:00,
Oneindig Technologies,,,,2026-08-06 00:00:00,96,96,,,,,,,,,,,,,120,25,IPOGyani/ipostation,2026-09-17 00:00:00,
MV Electrosystems,,,,2026-08-06 00:00:00,425,425,,,,,,,,,,,,,519,22.1,IPOGyani/ipostation,2026-09-17 00:00:00,
Fusion Klassroom Edutech,,,,2026-08-07 00:00:00,159,159,,,,,,,,,,,,,170,6.9,IPOGyani/ipostation,2026-09-17 00:00:00,
H.R. Hygiene Products,,,,2026-08-05 00:00:00,88,88,,,,,,,,,,,,,,,IPOGyani/ipostation,2026-09-17 00:00:00,
Poojaa Precision Engg.,,,,2026-08-04 00:00:00,301,301,,,,,,,,,,,,,470,56.1,IPOGyani/ipostation,2026-09-17 00:00:00,
Pramodini Medicare,,,,2026-08-09 00:00:00,118,118,,,,,,,,,,,,,,,IPOGyani/ipostation,2026-09-17 00:00:00,
Lalithaa Jewellery Mart,,,,2026-08-24 00:00:00,201,201,,,,,,,,,,,,,265.3,32,IPOGyani/ipostation,2026-09-17 00:00:00,
Shankesh Jewellers,,,,2026-08-25 00:00:00,93,93,,,,,,,,,,,,,102.2,9.9,IPOGyani/ipostation,2026-09-17 00:00:00,
Sunshine Pictures,,,,2026-08-25 00:00:00,360,360,,,,,,,,,,,,,394,9.4,IPOGyani/ipostation,2026-09-17 00:00:00,
Millworks Technologies,,,,2026-07-21 00:00:00,331,331,,,,,,,,,,,,,628.9,90,IPOGyani/ipostation,2026-09-17 00:00:00,
Indo-MIM,,,,2026-07-30 00:00:00,485,485,,,,,,,,,,,,,703,45,IPOGyani/ipostation,2026-09-17 00:00:00,
Lohia Corp,,,,2026-07-30 00:00:00,425,425,,,,,,,,,,,,,460,8.2,IPOGyani/ipostation,2026-09-17 00:00:00,
Xtranet Technologies,,,,2026-07-30 00:00:00,127,127,,,,,,,,,,,,,130.1,2.4,IPOGyani/ipostation,2026-09-17 00:00:00,
Caliber Mining,,,,2026-07-24 00:00:00,424,424,,,,,,,,,,,,,504,18.9,IPOGyani/ipostation,2026-09-17 00:00:00,
Kusumgar,,,,2026-07-15 00:00:00,419,419,,,,,,,,,,,,,574,37,IPOGyani/ipostation,2026-09-17 00:00:00,
Sotefin Bharat,,,,2026-07-23 00:00:00,187,187,,,,,,,,,,,,,205,9.6,IPOGyani/ipostation,2026-09-17 00:00:00,
Metalic Technoforge,,,,2026-07-28 00:00:00,77,77,,,,,,,,,,,,,87,13,IPOGyani/ipostation,2026-09-17 00:00:00,
SBI Funds Management,,,,2026-07-21 00:00:00,574,574,,,,,,,,,,,,,610,6.3,IPOGyani/ipostation,2026-09-17 00:00:00,
Shree Balaji Mala,,,,2026-07-29 00:00:00,70,70,,,,,,,,,,,,,133,90,IPOGyani/ipostation,2026-09-17 00:00:00,
Teja Engineering Industries,,,,2026-07-07 00:00:00,220,220,,,,,,,,,,,,,418,90,IPOGyani/ipostation,2026-09-17 00:00:00,
Kratikal Tech,,,,2026-07-07 00:00:00,135,135,,,,,,,,,,,,,192,42.2,IPOGyani/ipostation,2026-09-17 00:00:00,
Advit Jewels,,,,2026-07-01 00:00:00,138,138,,,,,,,,,,,,,187,35.5,IPOGyani/ipostation,2026-09-17 00:00:00,
Atharva Polyplast,,,,2026-07-07 00:00:00,60,60,,,,,,,,,,,,,69,15,IPOGyani/ipostation,2026-09-17 00:00:00,
Sampark India Logistics,,,,2026-07-07 00:00:00,84,84,,,,,,,,,,,,,89,6,IPOGyani/ipostation,2026-09-17 00:00:00,
Crazy Snacks,,,,2026-07-03 00:00:00,42,42,,,,,,,,,,,,,44,4.8,IPOGyani/ipostation,2026-09-17 00:00:00,
Shreedhar Spinners,,,,2026-07-01 00:00:00,53,53,,,,,,,,,,,,,54.4,2.6,IPOGyani/ipostation,2026-09-17 00:00:00,
Jivial Industries,,,,2026-07-01 00:00:00,196,196,,,,,,,,,,,,,156.8,-20,IPOGyani/ipostation,2026-09-17 00:00:00,
Diksha Polymers,,,,2026-06-04 00:00:00,112,112,,,,,,,,,,,,,114.5,2.2,IPOGyani/ipostation,2026-09-17 00:00:00,
IC Electricals,,,,2026-07-10 00:00:00,99,99,,,,,,,,,,,,,166,67.7,IPOGyani/ipostation,2026-09-17 00:00:00,
Devson Catalyst,,,,2026-07-16 00:00:00,118,118,,,,,,,,,,,,,196.15,66.2,IPOGyani/ipostation,2026-09-17 00:00:00,
Happy Steels,,,,2026-07-16 00:00:00,66,66,,,,,,,,,,,,,68,3,IPOGyani/ipostation,2026-09-17 00:00:00,
Adon Agro Commodities,,,,2026-07-06 00:00:00,70,70,,,,,,,,,,,,,78.25,11.8,IPOGyani/ipostation,2026-09-17 00:00:00,
Laser Power & Infra,,,,2026-07-16 00:00:00,214,214,,,,,,,,,,,,,269,25.7,IPOGyani/ipostation,2026-09-17 00:00:00,
Knack Packaging,,,,2026-07-08 00:00:00,170,170,,,,,,,,,,,,,186,9.4,IPOGyani/ipostation,2026-09-17 00:00:00,
Juniper Green Energy,,,,2026-08-06 00:00:00,225,225,,,,,,,,,,,,,242,7.6,IPOGyani/ipostation,2026-09-17 00:00:00,
Manipal Health Enterprises,,,,2026-08-05 00:00:00,590,590,,,,,,,,,,,,,655,11,IPOGyani/ipostation,2026-09-17 00:00:00,
Merritronix,,,,2026-06-08 00:00:00,149,149,,,,,,,,,,,,,283.1,90,IPOGyani/ipostation,2026-09-17 00:00:00,
SMR Jewels,,,,2026-06-08 00:00:00,128,128,,,,,,,,,,,,,102.95,-19.6,IPOGyani/ipostation,2026-09-17 00:00:00,
Avience Biomedicals,,,,2026-06-25 00:00:00,208,208,,,,,,,,,,,,,395.2,90,IPOGyani/ipostation,2026-09-17 00:00:00,
Liotech Industries,,,,2026-06-24 00:00:00,321,321,,,,,,,,,,,,,257,-19.9,IPOGyani/ipostation,2026-09-17 00:00:00,
Clay Craft,,,,2026-06-24 00:00:00,203,203,,,,,,,,,,,,,211,3.9,IPOGyani/ipostation,2026-09-17 00:00:00,
Susan Electricals India,,,,2026-06-18 00:00:00,127,127,,,,,,,,,,,,,186,46.5,IPOGyani/ipostation,2026-09-17 00:00:00,
Horizon Reclaim (India),,,,2026-06-19 00:00:00,103,103,,,,,,,,,,,,,151,46.6,IPOGyani/ipostation,2026-09-17 00:00:00,
CMR Green Technologies,,,,2026-06-10 00:00:00,192,192,,,,,,,,,,,,,275.4,43.4,IPOGyani/ipostation,2026-09-17 00:00:00,
Hexagon Nutrition,,,,2026-06-12 00:00:00,45,45,,,,,,,,,,,,,48,6.7,IPOGyani/ipostation,2026-09-17 00:00:00,
Shree Ram Twistex,Textiles / Cotton Yarn,,,2026-03-02 00:00:00,104,104,,,,,,,,,,,,,68,-34.6,IPOGyani/ipostation,2026-09-17 00:00:00,
,,,,,,,,,,,,,,,,,,,,,,2026-09-17 00:00:00,
